experiment,profile,seed,name,best_epoch,stop_epoch,selection_metric,best_selection_nll,last_selection_nll,best_train_bce,last_train_bce,completed,stop_reason,dropout,lr_scheduler,initial_lr,final_lr,weight_decay,T0_auroc,T0_auprc,T0_nll,T0_brier,baseline_alias
A0,t0,17,A0_t0_seed17,10,60,t0_direct_nll,0.5329279461838216,1.350742511606759,0.5516995603501484,0.2553761731345616,True,early_stopping,0.1,none,0.0001,0.0001,0.01,0.7357142857142857,0.5989642995327418,0.5329279461838216,0.17762319385591907,
A0,t0,43,A0_t0_seed43,14,64,t0_direct_nll,0.538312951459558,1.2383786877971974,0.520180206336276,0.22026660063191858,True,early_stopping,0.1,none,0.0001,0.0001,0.01,0.740625,0.6277592323666337,0.538312951459558,0.17941759155248388,
A0,dynamic,17,A0_dynamic_seed17,21,71,patient_equal_prefix_nll,0.5589767891764034,1.4522616176664984,0.5433284868120523,0.16519874892153666,True,early_stopping,0.1,none,0.0001,0.0001,0.01,0.7111607142857143,0.5836342749066739,0.559923032761751,0.1900265143906997,
A0,dynamic,43,A0_dynamic_seed43,17,67,patient_equal_prefix_nll,0.5665431999919364,1.8010814692648527,0.5364487233586336,0.12193660757928619,True,early_stopping,0.1,none,0.0001,0.0001,0.01,0.7290178571428572,0.571149081684553,0.5554128399005461,0.18729783754618606,
A1,t0,17,A1_t0_seed17,10,60,t0_direct_nll,0.5328508144633144,0.636979012392093,0.5517810988800688,0.41527509814157537,True,early_stopping,0.1,plateau,0.0001,1e-06,0.01,0.7366071428571428,0.6008730678477602,0.5328508144633144,0.17759786750127798,L0_fixed
A1,t0,43,A1_t0_seed43,14,64,t0_direct_nll,0.5381915263675591,0.6802853545803583,0.5202881537806925,0.374196934138293,True,early_stopping,0.1,plateau,0.0001,1e-06,0.01,0.740625,0.6286749832823846,0.5381915263675591,0.179356519337124,L0_fixed
A1,dynamic,17,A1_dynamic_seed17,21,71,patient_equal_prefix_nll,0.5589039505328215,0.769018723482734,0.5433964230003158,0.30729580424843034,True,early_stopping,0.1,plateau,0.0001,1e-06,0.01,0.7120535714285714,0.5839131682578562,0.5598522487912426,0.1899841610624598,
A1,dynamic,43,A1_dynamic_seed43,23,73,patient_equal_prefix_nll,0.5757186654792364,0.6846863835138115,0.5332147872260727,0.4192491510775701,True,early_stopping,0.1,plateau,0.0001,1e-06,0.01,0.7178571428571429,0.559957006069359,0.5624940247771785,0.19024296284754255,
A2,t0,17,A2_t0_seed17,14,64,t0_direct_nll,0.5373086995666049,1.3384665859168308,0.5385270237298536,0.24885357554553378,True,early_stopping,0.3,none,0.0001,0.0001,0.01,0.7428571428571428,0.6036135914505806,0.5373086995666049,0.1789594776350243,
A2,t0,43,A2_t0_seed43,9,59,t0_direct_nll,0.5441756352874818,1.0272602549225511,0.5511117590035444,0.3465045380810792,True,early_stopping,0.3,none,0.0001,0.0001,0.01,0.7388392857142858,0.5767473900226698,0.5441756352874818,0.18230913545510166,
A2,dynamic,17,A2_dynamic_seed17,21,71,patient_equal_prefix_nll,0.5649943187012101,1.5054630055525813,0.5482110081542849,0.1666499946597983,True,early_stopping,0.3,none,0.0001,0.0001,0.01,0.6955357142857143,0.5723854300870045,0.5658962437090207,0.19198429074219456,L0_dynamic
A2,dynamic,43,A2_dynamic_seed43,20,70,patient_equal_prefix_nll,0.552751818067716,1.3344420120091702,0.5448090324851231,0.18094408469206374,True,early_stopping,0.3,none,0.0001,0.0001,0.01,0.746875,0.6151833306300822,0.5400622084228582,0.18058398907176332,L0_dynamic
L1,t0,17,L1_t0_seed17,12,62,t0_direct_nll,0.533730838797065,0.6073592335522546,0.541763186454773,0.4643010291129507,True,early_stopping,0.1,plateau,0.0001,1e-06,0.01,0.7401785714285714,0.6102933225512845,0.533730838797065,0.1776590997569154,
L1,t0,43,L1_t0_seed43,13,63,t0_direct_nll,0.5439448129520654,0.6212145230940378,0.5415240682232443,0.44557940054938433,True,early_stopping,0.1,plateau,0.0001,1e-06,0.01,0.7366071428571428,0.5869331498829269,0.5439448129520654,0.18182425460732957,
L1,dynamic,17,L1_dynamic_seed17,26,76,patient_equal_prefix_nll,0.5477149769885373,0.9706263730990001,0.5346662319455472,0.2697455886146785,True,early_stopping,0.3,none,0.0001,0.0001,0.01,0.7348214285714286,0.6288887756636435,0.547733749116561,0.18123339475926997,
L1,dynamic,43,L1_dynamic_seed43,17,67,patient_equal_prefix_nll,0.5503242484254798,1.0284848509874307,0.5369150997456456,0.29837701075676226,True,early_stopping,0.3,none,0.0001,0.0001,0.01,0.7464285714285714,0.5912582630526891,0.5403323302577212,0.18083450284215044,
L2,t0,17,L2_t0_seed17,11,61,t0_direct_nll,0.5325526683708709,0.6418020594029314,0.546785999030967,0.4096919263844715,True,early_stopping,0.1,plateau,0.0001,1e-06,0.01,0.7383928571428573,0.6030546762778053,0.5325526683708709,0.1779612428812319,
L2,t0,43,L2_t0_seed43,9,59,t0_direct_nll,0.5423944590855698,0.6909771808325317,0.5520844927632996,0.42139745445151605,True,early_stopping,0.1,plateau,0.0001,1e-06,0.01,0.745982142857143,0.58590879150519,0.5423944590855698,0.18139823350269427,
L2,dynamic,17,L2_dynamic_seed17,37,87,patient_equal_prefix_nll,0.554423433642992,1.559578392494955,0.5069272774052246,0.20957022015961052,True,early_stopping,0.3,none,0.0001,0.0001,0.01,0.7339285714285714,0.6197760534788489,0.5456412485044037,0.18091233051131064,
L2,dynamic,43,L2_dynamic_seed43,20,70,patient_equal_prefix_nll,0.5696751258511121,1.0812312688785852,0.5455295452896837,0.2587710136635453,True,early_stopping,0.3,none,0.0001,0.0001,0.01,0.7205357142857143,0.5650240770261274,0.5612345501531941,0.18952120648026605,
L3,t0,17,L3_t0_seed17,12,62,t0_direct_nll,0.5301313402916176,0.6547199707910696,0.5382303748455347,0.3982466281396556,True,early_stopping,0.1,plateau,0.0001,1e-06,0.01,0.7486607142857143,0.6152168535014111,0.5301313402916176,0.17677153651294725,
L3,t0,43,L3_t0_seed43,14,64,t0_direct_nll,0.5429411526016641,0.6848420405771066,0.5252322782396646,0.3830504310536759,True,early_stopping,0.1,plateau,0.0001,1e-06,0.01,0.7401785714285715,0.5881691270312727,0.5429411526016641,0.18087419453714576,
L3,dynamic,17,L3_dynamic_seed17,22,72,patient_equal_prefix_nll,0.5591753273795474,1.2936846509578026,0.530597285450441,0.2082654931119287,True,early_stopping,0.3,none,0.0001,0.0001,0.01,0.7084821428571428,0.5933048552081783,0.5529428413160626,0.1857480368271105,
L3,dynamic,43,L3_dynamic_seed43,23,73,patient_equal_prefix_nll,0.5598090085727508,1.4333278785483987,0.5354728893771845,0.2266520902280408,True,early_stopping,0.3,none,0.0001,0.0001,0.01,0.7267857142857144,0.5716945575842352,0.5557866811623874,0.18662139724733215,
L4,t0,17,L4_t0_seed17,10,60,t0_direct_nll,0.5332708782365986,0.6393086840210005,0.5517770282885167,0.42024352569230566,True,early_stopping,0.1,plateau,0.0001,1e-06,0.01,0.7397321428571428,0.6050350633572997,0.5332708782365986,0.17775515407599993,
L4,t0,43,L4_t0_seed43,14,64,t0_direct_nll,0.5378185471601237,0.6795047624546012,0.5202349249605109,0.376135731086681,True,early_stopping,0.1,plateau,0.0001,1e-06,0.01,0.7424107142857143,0.629835468631381,0.5378185471601237,0.1792345813418323,
L4,dynamic,17,L4_dynamic_seed17,21,71,patient_equal_prefix_nll,0.5619614659841567,1.7130783507807712,0.5485183518594472,0.17424606539660098,True,early_stopping,0.3,none,0.0001,0.0001,0.01,0.7008928571428571,0.577837328345479,0.5629505951248863,0.19053839050183993,
L4,dynamic,43,L4_dynamic_seed43,20,70,patient_equal_prefix_nll,0.5502161460569291,1.2793446414525522,0.5456053605254408,0.2331228461799197,True,early_stopping,0.3,none,0.0001,0.0001,0.01,0.7473214285714286,0.6151033360196856,0.5382528694519059,0.17974115552422126,
