experiment,profile,seed,baseline_experiment,baseline_alias,delta_best_selection_nll,delta_last_selection_nll,delta_T0_auroc,delta_T0_auprc,delta_T0_nll,delta_T0_brier
A1,t0,17,A0,A0,-7.7131720507162e-05,-0.7137634992146661,0.0008928571428571397,0.0019087683150184054,-7.7131720507162e-05,-2.5326354641086457e-05
A1,t0,43,A0,A0,-0.00012142509199897233,-0.5580933332168391,0.0,0.0009157509157509125,-0.00012142509199897233,-6.107221535989193e-05
A1,dynamic,17,A0,A0,-7.283864358187397e-05,-0.6832428941837644,0.0008928571428571397,0.00027889335118236325,-7.078397050841456e-05,-4.2353328239902455e-05
A1,dynamic,43,A0,A0,0.009175465487300083,-1.1163950857510412,-0.011160714285714302,-0.011192075615193975,0.00708118487663234,0.002945125301356488
A2,t0,17,A0,A0,0.00438075338278332,-0.012275925689928302,0.0071428571428571175,0.004649291917838805,0.00438075338278332,0.0013362837791052184
A2,t0,43,A0,A0,0.005862683827923765,-0.21111843287464627,-0.0017857142857141683,-0.05101184234396383,0.005862683827923765,0.0028915439026177825
A2,dynamic,17,A0,A0,0.0060175295248067195,0.05320138788608286,-0.015625,-0.011248844819669368,0.005973210947269658,0.0019577763514948554
A2,dynamic,43,A0,A0,-0.013791381924220358,-0.46663945725568245,0.017857142857142794,0.04403424894552921,-0.015350631477687893,-0.006713848474422746
L1,t0,17,A1,L0,0.000880024333750562,-0.02961977883983835,0.0035714285714285587,0.009420254703524367,0.000880024333750562,6.12322556374223e-05
L1,t0,43,A1,L0,0.005753286584506356,-0.05907083148632053,-0.004017857142857184,-0.041741833399457695,0.005753286584506356,0.002467735270205579
L1,dynamic,17,A2,L0,-0.017279341712672758,-0.5348366324535812,0.03928571428571437,0.05650334557663905,-0.018162494592459666,-0.010750895982924585
L1,dynamic,43,A2,L0,-0.002427569642236227,-0.30595716102173953,-0.00044642857142851433,-0.0239250675773931,0.0002701218348629686,0.00025051377038712297
L2,t0,17,A1,L0,-0.00029814609244349644,0.004823047010838466,0.0017857142857145014,0.002181608430045112,-0.00029814609244349644,0.00036337537995392855
L2,t0,43,A1,L0,0.0042029327180107545,0.010691826252173353,0.00535714285714306,-0.04276619177719454,0.0042029327180107545,0.0020417141655702797
L2,dynamic,17,A2,L0,-0.010570885058218127,0.05411538694237361,0.03839285714285712,0.04739062339184441,-0.020254995204617043,-0.011071960230883915
L2,dynamic,43,A2,L0,0.016923307783396124,-0.253210743130585,-0.026339285714285676,-0.05015925360395479,0.021172341730335886,0.008937217408502729
L3,t0,17,A1,L0,-0.002719474171696823,0.017740958398976603,0.012053571428571552,0.014343785653650909,-0.002719474171696823,-0.0008263309883307368
L3,t0,43,A1,L0,0.00474962623410502,0.0045566859967483,-0.00044642857142851433,-0.040505856251111916,0.00474962623410502,0.001517675200021773
L3,dynamic,17,A2,L0,-0.0058189913216626366,-0.21177835459477867,0.012946428571428581,0.02091942512117384,-0.012953402392958058,-0.006236253915084061
L3,dynamic,43,A2,L0,0.007057190505034838,0.09888586653922848,-0.020089285714285587,-0.043488773045847084,0.01572447273952915,0.006037408175568831
L4,t0,17,A1,L0,0.000420063773284185,0.0023296716289075148,0.0031250000000000444,0.004161995509539551,0.000420063773284185,0.00015728657472194318
L4,t0,43,A1,L0,-0.0003729792074353977,-0.0007805921257570958,0.0017857142857142794,0.0011604853489963762,-0.0003729792074353977,-0.0001219379952916988
L4,dynamic,17,A2,L0,-0.003032852717053336,0.20761534522818992,0.005357142857142838,0.005451898258474475,-0.002945648584134375,-0.001445900240354625
L4,dynamic,43,A2,L0,-0.0025356720107868602,-0.05509737055661801,0.00044642857142862535,-7.999461039664979e-05,-0.0018093389709523677,-0.0008428335475420545
