experiment,profile,seed,stage,n,positives,auroc,auprc,nll,brier,best_epoch,stop_epoch
A0,t0,17,T0,102,32,0.7357142857142857,0.5989642995327418,0.5329279461838216,0.17762319385591907,10,60
A0,t0,43,T0,102,32,0.740625,0.6277592323666337,0.538312951459558,0.17941759155248388,14,64
A0,dynamic,17,T0,102,32,0.7111607142857143,0.5836342749066739,0.559923032761751,0.1900265143906997,21,71
A0,dynamic,17,T1,100,32,0.7182904411764706,0.6180520430757735,0.5601978736536661,0.18970891764880288,21,71
A0,dynamic,17,T2,94,30,0.7078125000000001,0.5881480478551546,0.5567568352769113,0.18852955636864246,21,71
A0,dynamic,17,T3,86,28,0.6921182266009852,0.5748315519577294,0.5693251055568793,0.19404616725384038,21,71
A0,dynamic,43,T0,102,32,0.7290178571428572,0.571149081684553,0.5554128399005461,0.18729783754618606,17,67
A0,dynamic,43,T1,100,32,0.7242647058823529,0.593252232988398,0.5629583459342626,0.1902954553545791,17,67
A0,dynamic,43,T2,94,30,0.7250000000000001,0.5899480226540171,0.5814281543823475,0.1995379459053123,17,67
A0,dynamic,43,T3,86,28,0.7136699507389163,0.6047936677072332,0.5603118238637136,0.1882989465204871,17,67
A1,t0,17,T0,102,32,0.7366071428571428,0.6008730678477602,0.5328508144633144,0.17759786750127798,10,60
A1,t0,43,T0,102,32,0.740625,0.6286749832823846,0.5381915263675591,0.179356519337124,14,64
A1,dynamic,17,T0,102,32,0.7120535714285714,0.5839131682578562,0.5598522487912426,0.1899841610624598,21,71
A1,dynamic,17,T1,100,32,0.7178308823529411,0.616619751409107,0.5601208749395064,0.18965641289608576,21,71
A1,dynamic,17,T2,94,30,0.7072916666666667,0.5879649854632915,0.55667792367153,0.18846658963602272,21,71
A1,dynamic,17,T3,86,28,0.6927339901477833,0.5752578720168028,0.5691899233244677,0.19396681070382488,21,71
A1,dynamic,43,T0,102,32,0.7178571428571429,0.559957006069359,0.5624940247771785,0.19024296284754255,23,73
A1,dynamic,43,T1,100,32,0.7017463235294118,0.5607716540403462,0.5701331971839356,0.194149294266004,23,73
A1,dynamic,43,T2,94,30,0.6932291666666667,0.5439525956417397,0.5887899170479926,0.2048229990327526,23,73
A1,dynamic,43,T3,86,28,0.666871921182266,0.5330393074909796,0.5904472785011187,0.2031351204725039,23,73
A2,t0,17,T0,102,32,0.7428571428571428,0.6036135914505806,0.5373086995666049,0.1789594776350243,14,64
A2,t0,43,T0,102,32,0.7388392857142858,0.5767473900226698,0.5441756352874818,0.18230913545510166,9,59
A2,dynamic,17,T0,102,32,0.6955357142857143,0.5723854300870045,0.5658962437090207,0.19198429074219456,21,71
A2,dynamic,17,T1,100,32,0.7104779411764706,0.6102918195039616,0.5633079532738965,0.18925421844950402,21,71
A2,dynamic,17,T2,94,30,0.6885416666666666,0.5661703680732851,0.5692776020307839,0.19236630289860254,21,71
A2,dynamic,17,T3,86,28,0.6810344827586207,0.5737719051711984,0.5783001557150628,0.1974168897282087,21,71
A2,dynamic,43,T0,102,32,0.746875,0.6151833306300822,0.5400622084228582,0.18058398907176332,20,70
A2,dynamic,43,T1,100,32,0.7320772058823529,0.615160911142909,0.5495029442847887,0.1841857156823284,20,70
A2,dynamic,43,T2,94,30,0.7072916666666667,0.582544481814919,0.5641950676639294,0.19102250973568083,20,70
A2,dynamic,43,T3,86,28,0.7161330049261084,0.6136587204345165,0.5686882380163185,0.19084479751746192,20,70
L1,t0,17,T0,102,32,0.7401785714285714,0.6102933225512845,0.533730838797065,0.1776590997569154,12,62
L1,t0,43,T0,102,32,0.7366071428571428,0.5869331498829269,0.5439448129520654,0.18182425460732957,13,63
L1,dynamic,17,T0,102,32,0.7348214285714286,0.6288887756636435,0.547733749116561,0.18123339475926997,26,76
L1,dynamic,17,T1,100,32,0.7136948529411765,0.6167715168465896,0.5530471485032067,0.18485349200749598,26,76
L1,dynamic,17,T2,94,30,0.7192708333333333,0.6195603558449252,0.5478037121726531,0.18402684414522982,26,76
L1,dynamic,17,T3,86,28,0.7007389162561577,0.6040343131600587,0.5713353585366238,0.19474615214138094,26,76
L1,dynamic,43,T0,102,32,0.7464285714285714,0.5912582630526891,0.5403323302577212,0.18083450284215044,17,67
L1,dynamic,43,T1,100,32,0.7274816176470588,0.5821575747861494,0.550921440649389,0.18480537258902474,17,67
L1,dynamic,43,T2,94,30,0.7385416666666667,0.5901385299092912,0.5560421980019434,0.18839952032256832,17,67
L1,dynamic,43,T3,86,28,0.7413793103448275,0.6401479076116132,0.556509040855256,0.1857696646323464,17,67
L2,t0,17,T0,102,32,0.7383928571428573,0.6030546762778053,0.5325526683708709,0.1779612428812319,11,61
L2,t0,43,T0,102,32,0.745982142857143,0.58590879150519,0.5423944590855698,0.18139823350269427,9,59
L2,dynamic,17,T0,102,32,0.7339285714285714,0.6197760534788489,0.5456412485044037,0.18091233051131064,37,87
L2,dynamic,17,T1,100,32,0.7297794117647058,0.635300947469492,0.5793739818217869,0.18691969996710156,37,87
L2,dynamic,17,T2,94,30,0.7411458333333333,0.6311770992999465,0.5451881221857379,0.17948705019681271,37,87
L2,dynamic,17,T3,86,28,0.7309113300492611,0.656752419333557,0.564275037009875,0.18416131019882892,37,87
L2,dynamic,43,T0,102,32,0.7205357142857143,0.5650240770261274,0.5612345501531941,0.18952120648026605,20,70
L2,dynamic,43,T1,100,32,0.7284007352941176,0.6067490608277933,0.5585305644238884,0.1869634917852957,20,70
L2,dynamic,43,T2,94,30,0.6916666666666667,0.5477184604465611,0.5832363002596846,0.19956692232985634,20,70
L2,dynamic,43,T3,86,28,0.7050492610837438,0.580200647190821,0.5862592909523203,0.19804544859675385,20,70
L3,t0,17,T0,102,32,0.7486607142857143,0.6152168535014111,0.5301313402916176,0.17677153651294725,12,62
L3,t0,43,T0,102,32,0.7401785714285715,0.5881691270312727,0.5429411526016641,0.18087419453714576,14,64
L3,dynamic,17,T0,102,32,0.7084821428571428,0.5933048552081783,0.5529428413160626,0.1857480368271105,22,72
L3,dynamic,17,T1,100,32,0.6943933823529411,0.6182169072660597,0.5693576272067308,0.1888654363386394,22,72
L3,dynamic,17,T2,94,30,0.6822916666666667,0.5919709393361122,0.5607693004459792,0.18864134659717477,22,72
L3,dynamic,17,T3,86,28,0.6613300492610837,0.5604112925604046,0.5892995455144217,0.2031660843881408,22,72
L3,dynamic,43,T0,102,32,0.7267857142857144,0.5716945575842352,0.5557866811623874,0.18662139724733215,23,73
L3,dynamic,43,T1,100,32,0.71875,0.5961106553784017,0.5622871757035915,0.1887163296172564,23,73
L3,dynamic,43,T2,94,30,0.7072916666666667,0.5592443234697199,0.5658700301351415,0.19429448006331484,23,73
L3,dynamic,43,T3,86,28,0.6951970443349754,0.5631506614423721,0.5783844632987534,0.1963359307033581,23,73
L4,t0,17,T0,102,32,0.7397321428571428,0.6050350633572997,0.5332708782365986,0.17775515407599993,10,60
L4,t0,43,T0,102,32,0.7424107142857143,0.629835468631381,0.5378185471601237,0.1792345813418323,14,64
L4,dynamic,17,T0,102,32,0.7008928571428571,0.577837328345479,0.5629505951248863,0.19053839050183993,21,71
L4,dynamic,17,T1,100,32,0.7127757352941176,0.6137938176894884,0.5612509661221954,0.1882438087721775,21,71
L4,dynamic,17,T2,94,30,0.6953125,0.5781399053813054,0.5660346019307508,0.19074577521686048,21,71
L4,dynamic,17,T3,86,28,0.6841133004926109,0.5773702639129938,0.5748894641247411,0.1957859381904681,21,71
L4,dynamic,43,T0,102,32,0.7473214285714286,0.6151033360196856,0.5382528694519059,0.17974115552422126,20,70
L4,dynamic,43,T1,100,32,0.7348345588235294,0.6171495932715436,0.5472168045036142,0.18304840221570148,20,70
L4,dynamic,43,T2,94,30,0.7119791666666666,0.5894893781053074,0.5605381177879641,0.18925903497642435,20,70
L4,dynamic,43,T3,86,28,0.7210591133004927,0.6297847336076088,0.5645301378920003,0.18880788339321394,20,70
