experiment,loss_label,profile,seed,checkpoint,epoch,horizon,patients,prefix_targets,teacher_forcing_l1,autonomous_l1,teacher_forcing_copy_l1,autonomous_copy_l1,teacher_forcing_relative_to_copy,teacher_forcing_skill_vs_copy,teacher_forcing_minus_copy,teacher_forcing_near_zero_copy_patients,autonomous_relative_to_copy,autonomous_skill_vs_copy,autonomous_minus_copy,autonomous_near_zero_copy_patients,autonomous_relative_to_teacher_forcing_same_chain
A1,L0,t0,17,best,10,horizon_1,100,100,0.1827381394430995,0.18274087876081466,0.15236107425764203,0.15236107425764203,1.1993754988501193,-0.1993754988501193,0.030377065185457464,0,1.1993934779680044,-0.19939347796800444,0.030379804503172625,0,1.0000149903995057
A1,L0,t0,17,best,10,horizon_2,92,92,0.1901228367553457,0.20580167388138565,0.1677743764391736,0.19503467646427453,1.1332054440641866,-0.13320544406418655,0.022348460316172103,0,1.0552055542752847,-0.05520555427528473,0.010766997417111124,0,1.0824668798005357
A1,L0,t0,17,best,10,horizon_3,84,84,0.18928527579243695,0.20771886940513337,0.15825173107995874,0.2030024817213416,1.1961024028027731,-0.19610240280277313,0.03103354471247821,0,1.0232331528353722,-0.023233152835372195,0.004716387683791762,0,1.0973852484591036
A1,L0,t0,17,best,10,horizon_all,100,276,0.18707134799410896,0.1977236306977769,0.16014454821124674,0.1814677638358747,1.1681405960029503,-0.16814059600295028,0.02692679978286222,0,1.0895799150123684,-0.0895799150123684,0.016255866861902196,0,1.0569423528396416
A1,L0,t0,17,last,60,horizon_1,100,100,0.35992054104804994,0.3599120245873928,0.32280833333730696,0.32280833333730696,1.114966696575221,-0.11496669657522096,0.03711220771074297,0,1.1149403141687662,-0.11494031416876616,0.037103691250085835,0,0.9999763379421682
A1,L0,t0,17,last,60,horizon_2,92,92,0.3613748938331138,0.39901532346139784,0.3303557761094492,0.39554862754986336,1.093896096169324,-0.09389609616932404,0.031019117723664558,0,1.0087642723803851,-0.00876427238038513,0.0034666959115344786,0,1.1041589503604718
A1,L0,t0,17,last,60,horizon_3,84,84,0.36146107014446033,0.4078821537217924,0.31885807978964986,0.4229312208259389,1.1336111362864494,-0.13361113628644938,0.042602990354810466,0,0.9644172235032511,0.0355827764967489,-0.015049067104146552,0,1.1284262328963381
A1,L0,t0,17,last,60,horizon_all,100,276,0.3614706672852238,0.3875323573499918,0.32589937337363756,0.3764726358341674,1.1091480893116183,-0.10914808931161835,0.035571293911586255,0,1.029377225495603,-0.029377225495603065,0.011059721515824406,0,1.0720990454370773
A1,L0,t0,43,best,14,horizon_1,100,100,0.20857873775064945,0.20857697054743768,0.18868466750718654,0.18868466750718654,1.1054355423060815,-0.10543554230608154,0.019894070243462902,0,1.1054261763982147,-0.10542617639821472,0.019892303040251136,0,0.9999915274048025
A1,L0,t0,43,best,14,horizon_2,92,92,0.2182013813973121,0.2366832016116899,0.2108307506929597,0.24836114707969778,1.0349599414702388,-0.03495994147023884,0.007370630704352399,0,0.9529799825563678,0.047020017443632156,-0.011677945468007878,0,1.0847007479788828
A1,L0,t0,43,best,14,horizon_3,84,84,0.213753543084576,0.24278149682851063,0.19187522768264725,0.2553805903354216,1.1140236583229726,-0.11402365832297257,0.02187831540192875,0,0.9506654225743504,0.04933457742564962,-0.012599093506910963,0,1.1358010413537292
A1,L0,t0,43,best,14,horizon_all,100,276,0.21312103910992544,0.22791415488347413,0.19807076844231536,0.22783272561306753,1.0759843099815771,-0.07598430998157713,0.015050270667610083,0,1.0003574081387452,-0.0003574081387451855,8.142927040660775e-05,0,1.0694118038994667
A1,L0,t0,43,last,64,horizon_1,100,100,0.37639522559940813,0.3763913493603468,0.3663250273838639,0.3663250273838639,1.027489790384952,-0.02748979038495203,0.010070198215544224,0,1.027479208964706,-0.027479208964706014,0.010066321976482884,0,0.9999897016784547
A1,L0,t0,43,last,64,horizon_2,92,92,0.3738104621677295,0.4109727771061918,0.3739606354021184,0.4526076939402391,0.9995984250207849,0.00040157497921511354,-0.00015017323438887287,0,0.908011027228484,0.09198897277151596,-0.0416349168340473,0,1.0994148604695486
A1,L0,t0,43,last,64,horizon_3,84,84,0.37581622414290905,0.41380453375833376,0.36100558501978713,0.45464427804663066,1.041026066459083,-0.04102606645908291,0.014810639123121916,0,0.9101720922041205,0.08982790779587946,-0.0408397442882969,0,1.1010821438112772
A1,L0,t0,43,last,64,horizon_all,100,276,0.37674251305560263,0.4003018406530221,0.37102810663171126,0.42279720323470726,1.01540154592537,-0.01540154592537002,0.005714406423891372,0,0.9467939655002937,0.05320603449970629,-0.022495362581685163,0,1.0625342953900783
A2,L0,dynamic,17,best,21,horizon_1,102,278,0.20902983920977397,0.20902954324398165,0.19043081852430901,0.19043081852430901,1.0976681234140195,-0.09766812341401954,0.018599020685464956,0,1.0976665692233973,-0.09766656922339734,0.018598724719672638,0,0.9999985840978808
A2,L0,dynamic,17,best,21,horizon_2,92,176,0.2128548904767503,0.24418505366243745,0.19280569448702686,0.23890920893451117,1.1039865344385482,-0.10398653443854822,0.020049195989723434,0,1.0220830530202478,-0.022083053020247823,0.005275844727926277,0,1.1471902436233161
A2,L0,dynamic,17,best,21,horizon_3,84,84,0.20559546542132184,0.2395943303902944,0.18059552194816725,0.24806968521858966,1.1384305834578214,-0.13843058345782144,0.024999943473154596,0,0.9658347821870008,0.034165217812999193,-0.008475354828295256,0,1.165367776469678
A2,L0,dynamic,17,best,21,horizon_all,102,538,0.20860562151529238,0.22269137380827292,0.18949629189568307,0.21261863891047497,1.1008427628237123,-0.1008427628237123,0.019109329619609317,0,1.047374656095128,-0.04737465609512803,0.010072734897797947,0,1.0675233591053919
A2,L0,dynamic,17,last,71,horizon_1,102,278,0.4570865050396499,0.45709020564076946,0.48939402506753715,0.48939402506753715,0.933984645555432,0.06601535444456796,-0.03230752002788723,0,0.9339922071539192,0.06600779284608083,-0.03230381942676769,0,1.0000080960629525
A2,L0,dynamic,17,last,71,horizon_2,92,176,0.44056025451130193,0.4847162403166294,0.46474844472401816,0.5385397938687516,0.9479542309666471,0.052045769033352896,-0.024188190212716232,0,0.900056496910905,0.09994350308909505,-0.053823553552122205,0,1.1002268937181094
A2,L0,dynamic,17,last,71,horizon_3,84,84,0.421907552739694,0.47823363329683033,0.42502468034979846,0.5475003406228054,0.9926660079891383,0.007333992010861712,-0.0031171276101044643,0,0.8734855447812486,0.12651445521875138,-0.06926670732597506,0,1.1335033710379867
A2,L0,dynamic,17,last,71,horizon_all,102,538,0.4521214999745483,0.4731292944474548,0.4819131792930801,0.5209091984198179,0.9381804013697379,0.061819598630262096,-0.029791679318531772,0,0.9082759449875261,0.09172405501247394,-0.04777990397236309,0,1.0464649313825798
A2,L0,dynamic,43,best,20,horizon_1,102,278,0.2465473991556982,0.24654673537227262,0.22583582591161958,0.22583582591161958,1.0917107512081987,-0.09171075120819872,0.02071157324407863,0,1.0917078119782386,-0.09170781197823863,0.020710909460653043,0,0.9999973076843323
A2,L0,dynamic,43,best,20,horizon_2,92,176,0.2528833948966602,0.28187818110556057,0.2323677305071412,0.27826428770735534,1.088289644800264,-0.08828964480026391,0.02051566438951896,0,1.0129872698648483,-0.012987269864848328,0.0036138933982052257,0,1.114656742174586
A2,L0,dynamic,43,best,20,horizon_3,84,84,0.24774095469287463,0.27421254859793753,0.22264101733231828,0.2752374333684288,1.1127372559706359,-0.11273725597063589,0.02509993736055635,0,0.9962763612567213,0.0037236387432787454,-0.0010248847704912856,0,1.1068519088330786
A2,L0,dynamic,43,best,20,horizon_all,102,538,0.2471717043408479,0.25952207648310976,0.22701113769370646,0.24802921853009977,1.0888087115546858,-0.08880871155468584,0.020160566647141442,0,1.0463367099292589,-0.04633670992925887,0.01149285795301,0,1.0499667717840016
A2,L0,dynamic,43,last,70,horizon_1,102,278,0.5008167236605111,0.5008175297354172,0.519483825228378,0.519483825228378,0.9640660581498175,0.035933941850182505,-0.018667101567866884,0,0.9640676098341374,0.03593239016586258,-0.018666295492960838,0,1.0000016095207447
A2,L0,dynamic,43,last,70,horizon_2,92,176,0.5086498561760654,0.5501340360421202,0.5388744024397887,0.6002887573255145,0.9439117053493733,0.0560882946506267,-0.030224546263723284,0,0.9164490077960977,0.08355099220390227,-0.050154721283394266,0,1.0815574394887775
A2,L0,dynamic,43,last,70,horizon_3,84,84,0.4944054502106848,0.544574553058261,0.5219458541167634,0.6284828923997425,0.9472351323631405,0.0527648676368595,-0.027540403906078592,0,0.8664906549467186,0.13350934505328138,-0.08390833934148156,0,1.1014736039544006
A2,L0,dynamic,43,last,70,horizon_all,102,538,0.504415065293608,0.5237747332677731,0.5271933981722672,0.5602805754839401,0.9567932129696054,0.0432067870303946,-0.022778332878659158,0,0.9348436411798943,0.06515635882010573,-0.03650584221616693,0,1.0383804317242118
L2,L2,t0,17,best,11,horizon_1,100,100,0.28144969619810584,0.2814506780728698,0.2609773883968592,0.2609773883968592,1.078444756946204,-0.0784447569462039,0.020472307801246648,0,1.0784485192444242,-0.0784485192444242,0.020473289676010586,0,1.0000034886332343
L2,L2,t0,17,best,11,horizon_2,92,92,0.28376716423941695,0.31350615713745356,0.26955145261371916,0.30738333475006663,1.0527383973926108,-0.05273839739261077,0.014215711625697791,0,1.0199191748386924,-0.019919174838692433,0.006122822387386928,0,1.1048006839612547
L2,L2,t0,17,best,11,horizon_3,84,84,0.3056945950679836,0.31987090603936286,0.29340562295346034,0.31366024831576006,1.041883901170062,-0.04188390117006202,0.012288972114523233,0,1.0198005891946835,-0.019800589194683527,0.006210657723602797,0,1.0463740975473466
L2,L2,t0,17,best,11,horizon_all,100,276,0.29181975703686475,0.3064033957819144,0.2762994946135829,0.29483567203084626,1.0561718813311174,-0.05617188133111739,0.015520262423281861,0,1.0392344782142164,-0.03923447821421644,0.011567723751068126,0,1.0499748162808844
L2,L2,t0,17,last,61,horizon_1,100,100,0.4450571537017822,0.4450603312253952,0.40956691578030585,0.40956691578030585,1.0866530878204859,-0.08665308782048586,0.035490237921476375,0,1.0866608460731437,-0.08666084607314373,0.03549341544508933,0,1.0000071395855263
L2,L2,t0,17,last,61,horizon_2,92,92,0.4641023255560709,0.49796952598768734,0.42272475507596263,0.494882077059668,1.097883007756839,-0.09788300775683889,0.04137757048010826,0,1.0062387568092248,-0.00623875680922481,0.0030874489280193207,0,1.0729735632999424
L2,L2,t0,17,last,61,horizon_3,84,84,0.47006454531635555,0.5002327859401703,0.4314937705972365,0.5059665787432875,1.0893889491515318,-0.08938894915153184,0.03857077471911907,0,0.9886676451686616,0.011332354831338431,-0.005733792803117255,0,1.0641789322858022
L2,L2,t0,17,last,61,horizon_all,100,276,0.4654210504889488,0.48497756078839294,0.4292619814289113,0.47303122546523807,1.0842354334284916,-0.0842354334284916,0.03615906906003746,0,1.0252548556628696,-0.025254855662869558,0.011946335323154866,0,1.0420189638584225
L2,L2,t0,43,best,9,horizon_1,100,100,0.28257150933146474,0.28256976913660764,0.25979047995060683,0.25979047995060683,1.0876900084452255,-0.08769000844522545,0.02278102938085791,0,1.0876833099901573,-0.08768330999015728,0.022779289186000806,0,0.9999938415770888
L2,L2,t0,43,best,9,horizon_2,92,92,0.3112085468095282,0.3415789602972243,0.29864026415769174,0.3362821727565935,1.0420850238908173,-0.04208502389081725,0.01256828265183646,0,1.0157510209274896,-0.01575102092748959,0.005296787540630787,0,1.0975886228031004
L2,L2,t0,43,best,9,horizon_3,84,84,0.32823738477946746,0.34622424619183656,0.3167845136153379,0.34563831452812466,1.0361535071062105,-0.03615350710621046,0.011452871164129574,0,1.0016952161814348,-0.0016952161814347555,0.0005859316637119028,0,1.0547983326897816
L2,L2,t0,43,best,9,horizon_all,100,276,0.3040056036412716,0.31953006860489647,0.28863964303086204,0.3085063657832021,1.0532357941170494,-0.05323579411704937,0.015365960610409568,0,1.0357324971032886,-0.03573249710328863,0.011023702821694348,0,1.0510663776511957
L2,L2,t0,43,last,59,horizon_1,100,100,0.37856854289770125,0.378575040102005,0.3691093915794045,0.3691093915794045,1.0256269591998768,-0.025626959199876786,0.009459151318296777,0,1.025644561581317,-0.025644561581317005,0.009465648522600512,0,1.000017162557285
L2,L2,t0,43,last,59,horizon_2,92,92,0.38322056643664837,0.4097820915605711,0.3789671234705526,0.4583099171235833,1.0112237782716955,-0.011223778271695517,0.004253442966095755,0,0.8941156982428405,0.10588430175715946,-0.04852782556301222,0,1.06931132473109
L2,L2,t0,43,last,59,horizon_3,84,84,0.38875907171695007,0.40658481880312874,0.3833170198791084,0.44107402373282684,1.0141972611588133,-0.014197261158813257,0.005442051837841688,0,0.9218063112449593,0.07819368875504074,-0.03448920492969809,0,1.0458529417910467
L2,L2,t0,43,last,59,horizon_all,100,276,0.39218356455365805,0.4069940436383089,0.3859080351438994,0.4282114375025654,1.0162617225822173,-0.016261722582217253,0.006275529409758673,0,0.950451127629842,0.04954887237015804,-0.02121739386425653,0,1.0377641503195234
L2,L2,dynamic,17,best,37,horizon_1,102,278,0.39204862991384437,0.3920464181627324,0.40244718807980756,0.40244718807980756,0.9741616826407019,0.02583831735929809,-0.01039855816596319,0,0.9741561868857868,0.025843813114213243,-0.01040076991707517,0,0.9999943584776397
L2,L2,dynamic,17,best,37,horizon_2,92,176,0.3931598126199906,0.4384439121121946,0.40251497475875786,0.48184916023772373,0.9767582258414754,0.023241774158524575,-0.009355162138767248,0,0.9099194276812377,0.09008057231876232,-0.04340524812552915,0,1.115179878610771
L2,L2,dynamic,17,best,37,horizon_3,84,84,0.3708291908371307,0.42885086667679606,0.37592288062331225,0.517601470152537,0.9864501735628972,0.013549826437102785,-0.005093689786181577,0,0.8285348697916446,0.1714651302083554,-0.08875060347574093,0,1.156464693916582
L2,L2,dynamic,17,best,37,horizon_all,102,538,0.3939963135734396,0.4155726863582636,0.4050322328572422,0.44833042182551786,0.9727529850996024,0.027247014900397604,-0.011035919283802598,0,0.9269339445361061,0.07306605546389389,-0.032757735467254245,0,1.054762879858271
L2,L2,dynamic,17,last,87,horizon_1,102,278,0.5131781157714869,0.5131802325276962,0.5553660086063923,0.5553660086063923,0.924035875114558,0.07596412488544202,-0.04218789283490543,0,0.9240396865761464,0.07596031342385356,-0.04218577607869611,0,1.00000412479828
L2,L2,dynamic,17,last,87,horizon_2,92,176,0.48742488557067903,0.5455123217695433,0.5208112765913424,0.6268333229236305,0.935895414478784,0.064104585521216,-0.033386391020663375,0,0.87026694628359,0.12973305371640997,-0.08132100115408714,0,1.1191720774183602
L2,L2,dynamic,17,last,87,horizon_3,84,84,0.4684075132189762,0.53938756386439,0.48566783414710135,0.6706571752826372,0.9644606463212937,0.03553935367870631,-0.017260320928125128,0,0.8042671930514635,0.19573280694853645,-0.13126961141824722,0,1.1515348252158186
L2,L2,dynamic,17,last,87,horizon_all,102,538,0.5074801474712254,0.5346881805194749,0.5483712804704614,0.6056378837066149,0.9254316656332651,0.07456833436673493,-0.04089113299923597,0,0.8828512794594109,0.11714872054058911,-0.07094970318714,0,1.0536139850668587
L2,L2,dynamic,43,best,20,horizon_1,102,278,0.3837599546764217,0.3837589208353188,0.3654007543870583,0.3654007543870583,1.0502440130977837,-0.0502440130977837,0.018359200289363387,0,1.0502411837628944,-0.05024118376289444,0.018358166448260493,0,0.9999973060214066
L2,L2,dynamic,43,best,20,horizon_2,92,176,0.39549605354018835,0.4329261351376772,0.3825985491073326,0.4414582821823981,1.0337102805615646,-0.033710280561564554,0.012897504432855755,0,0.9806728123832193,0.01932718761678065,-0.008532147044720884,0,1.0946408472662177
L2,L2,dynamic,43,best,20,horizon_3,84,84,0.38361072974900406,0.4172619441080661,0.36305584106594324,0.44171516885537476,1.0566163282835803,-0.05661632828358032,0.020554888683060824,0,0.9446402875167842,0.055359712483215806,-0.024453224747308655,0,1.0877222969781892
L2,L2,dynamic,43,best,20,horizon_all,102,538,0.3865249228048948,0.4023964765414694,0.36954394076628233,0.39803670942661606,1.0459511851375534,-0.04595118513755336,0.01698098203861248,0,1.0109531784672166,-0.010953178467216551,0.004359767114853308,0,1.0410621742613633
L2,L2,dynamic,43,last,70,horizon_1,102,278,0.5248551187318524,0.5248608637382002,0.540983842868431,0.540983842868431,0.9701863108312808,0.029813689168719182,-0.01612872413657862,0,0.9701969303838303,0.02980306961616974,-0.016122979130230863,0,1.000010945889909
L2,L2,dynamic,43,last,70,horizon_2,92,176,0.5349596976909948,0.5820446276794309,0.5591691270794558,0.6215086669215689,0.9567046386932931,0.04329536130670686,-0.024209429388460935,0,0.9365028336006807,0.06349716639931935,-0.03946403924213804,0,1.08801584529015
L2,L2,dynamic,43,last,70,horizon_3,84,84,0.5208980639775594,0.5941225733785402,0.5477874566401754,0.6468794177330676,0.9509127265754851,0.04908727342451491,-0.02688939266261592,0,0.9184440826090756,0.08155591739092438,-0.05275684435452732,0,1.140573587165675
L2,L2,dynamic,43,last,70,horizon_all,102,538,0.5286787120150586,0.5528882349676946,0.5498621133125686,0.5822055774673918,0.9614750665946167,0.03852493340538332,-0.021183401297510063,0,0.9496443461994502,0.05035565380054985,-0.029317342499697197,0,1.0457925057363506
L4,L4,t0,17,best,10,horizon_1,100,100,0.17974225744605066,0.1797438247129321,0.14996329049579799,0.14996329049579799,1.1985750436110034,-0.19857504361100342,0.029778966950252672,0,1.1985854946145542,-0.19858549461455421,0.029780534217134114,0,1.000008719523743
L4,L4,t0,17,best,10,horizon_2,92,92,0.18733621068784725,0.20331752061357963,0.16558305413016808,0.19300729387601756,1.1313730844738412,-0.13137308447384122,0.021753156557679176,0,1.053418845114657,-0.05341884511465711,0.010310226737562073,0,1.0853081732947056
L4,L4,t0,17,best,10,horizon_3,84,84,0.1864877613704829,0.20504308642730826,0.15596964586127018,0.20073737306076855,1.1956670180321982,-0.19566701803219821,0.030518115509212712,0,1.0214494854689378,-0.021449485468937768,0.004305713366539704,0,1.099498888937611
L4,L4,t0,17,best,10,horizon_all,100,276,0.18417282794291773,0.1949758608142535,0.15781404096477977,0.179196413817505,1.1670243459770515,-0.1670243459770515,0.026358786978137955,0,1.0880567119653322,-0.08805671196533216,0.015779446996748492,0,1.0586570396512782
L4,L4,t0,17,last,60,horizon_1,100,100,0.35447606511414054,0.35448616959154605,0.31656435776501896,0.31656435776501896,1.1197598732111935,-0.11975987321119352,0.03791170734912158,0,1.119791792399686,-0.11979179239968607,0.037921811826527096,0,1.000028505386964
L4,L4,t0,17,last,60,horizon_2,92,92,0.35828185769850796,0.39817660237136093,0.32574320526834094,0.3925849191803971,1.099890502407755,-0.09989050240775499,0.032538652430167014,0,1.0142432450096086,-0.014243245009608607,0.005591683190963814,0,1.111350166958284
L4,L4,t0,17,last,60,horizon_3,84,84,0.3578536831552074,0.40396339747877347,0.3150312886795118,0.4188030320884926,1.1359306075761246,-0.13593060757612463,0.04282239447569558,0,0.9645665540296672,0.03543344597033282,-0.014839634609719154,0,1.1288507468108622
L4,L4,t0,17,last,60,horizon_all,100,276,0.35611183547725284,0.38291517248998086,0.31977785458322616,0.37090755801337466,1.1136225675833042,-0.11362256758330425,0.036333980894026674,0,1.0323736041964753,-0.03237360419647528,0.012007614476606199,0,1.0752666279030205
L4,L4,t0,43,best,14,horizon_1,100,100,0.20678139586001634,0.20677959356456996,0.1872606197465211,0.1872606197465211,1.1042438935635206,-0.1042438935635206,0.01952077611349523,0,1.1042342690335536,-0.1042342690335536,0.019518973818048846,0,0.9999912840541632
L4,L4,t0,43,best,14,horizon_2,92,92,0.21660657316122367,0.23499048088231814,0.20955960885824068,0.24696128990541658,1.0336274931098484,-0.03362749310984836,0.007046964302982989,0,0.9515275894951669,0.048472410504833086,-0.011970809023098439,0,1.0848723446052166
L4,L4,t0,43,best,14,horizon_3,84,84,0.21214211075788453,0.24064548699451344,0.19054572291982672,0.25385891140571665,1.1133396620355767,-0.11333966203557666,0.021596387838057812,0,0.947949731848942,0.052050268151057955,-0.013213424411203212,0,1.1343598219834792
L4,L4,t0,43,best,14,horizon_all,100,276,0.2114773877772192,0.22610134713351726,0.19673864119530968,0.2264016330242157,1.0749153622916294,-0.07491536229162943,0.014738746581909518,0,0.9986736584595822,0.0013263415404177747,-0.0003002858906984429,0,1.0691514090939296
L4,L4,t0,43,last,64,horizon_1,100,100,0.37321435555815696,0.37321496054530146,0.36354628797620536,0.36354628797620536,1.0265937733425141,-0.026593773342514115,0.0096680675819516,0,1.026595437469379,-0.02659543746937909,0.009668672569096093,0,1.0000016210178828
L4,L4,t0,43,last,64,horizon_2,92,92,0.37181914038956165,0.40858915585862554,0.37192383793223166,0.44986865709981194,0.9997184973588892,0.00028150264111082013,-0.00010469754267000697,0,0.9082409930327114,0.09175900696728856,-0.0412795012411864,0,1.0988922071912148
L4,L4,t0,43,last,64,horizon_3,84,84,0.3743627680731671,0.4118663892149925,0.3597610622999214,0.4521503138488957,1.0405872322032248,-0.0405872322032248,0.01460170577324571,0,0.9109059014224954,0.08909409857750461,-0.04028392463390318,0,1.1001798905774078
L4,L4,t0,43,last,64,horizon_all,100,276,0.374369322086374,0.3976808069398006,0.3688493340214093,0.4200313234205047,1.0149654277663527,-0.014965427766352679,0.0055199880649647315,0,0.9467884530641817,0.05321154693581831,-0.022350516480704075,0,1.0622686835649642
L4,L4,dynamic,17,best,21,horizon_1,102,278,0.19725040804132135,0.19725224745818992,0.1787117832793787,0.1787117832793787,1.1037347645564108,-0.10373476455641084,0.01853862476194265,0,1.1037450572009964,-0.10374505720099636,0.018540464178811222,0,1.0000093252880278
L4,L4,dynamic,17,best,21,horizon_2,92,176,0.20101992241309388,0.23107018050454234,0.18090159844850068,0.22466285656327786,1.1112114217737026,-0.11121142177370258,0.020118323964593204,0,1.0285197296931003,-0.02851972969310035,0.006407323941264476,0,1.1494889547797928
L4,L4,dynamic,17,best,21,horizon_3,84,84,0.1931567122450187,0.22670209257020837,0.16853839580324434,0.23250280633302672,1.1460694836001308,-0.14606948360013083,0.02461831644177437,0,0.9750509946339759,0.02494900536602407,-0.005800713762818349,0,1.1736692447044628
L4,L4,dynamic,17,best,21,horizon_all,102,538,0.19676750188608183,0.21040724685987808,0.17768460090935626,0.19962100936952076,1.1073976072156106,-0.10739760721561065,0.019082900976725575,0,1.0540335785517985,-0.05403357855179847,0.010786237490357314,0,1.0693190940732324
L4,L4,dynamic,17,last,71,horizon_1,102,278,0.44519810479596944,0.44519336556930555,0.4769511598427141,0.4769511598427141,0.9334249337873171,0.06657506621268294,-0.03175305504674464,0,0.9334149972842473,0.06658500271575274,-0.031757794273408524,0,0.9999893547914673
L4,L4,dynamic,17,last,71,horizon_2,92,176,0.4266900527898384,0.4705331915908534,0.44956609814265824,0.5219306325256501,0.9491152792718798,0.050884720728120225,-0.02287604535281984,0,0.9015243832574422,0.09847561674255778,-0.0513974409347967,0,1.10275172461686
L4,L4,dynamic,17,last,71,horizon_3,84,84,0.40964491328313235,0.46916097526748973,0.4108577798165026,0.5319573245942593,0.9970479650308387,0.002952034969161299,-0.0012128665333702715,0,0.8819522799603027,0.11804772003969732,-0.06279634932676953,0,1.145286954761286
L4,L4,dynamic,17,last,71,horizon_all,102,538,0.43909752634323496,0.46044376061535347,0.4686050161208008,0.506983179662961,0.9370312122950917,0.06296878770490832,-0.029507489777565843,0,0.9082032285991289,0.09179677140087106,-0.046539419047607555,0,1.0486138795859044
L4,L4,dynamic,43,best,20,horizon_1,102,278,0.2330902149426002,0.23309066577577123,0.21227517591947634,0.21227517591947634,1.0980568685573473,-0.0980568685573473,0.02081503902312387,0,1.098058992372198,-0.09805899237219795,0.02081548985629489,0,1.0000019341574298
L4,L4,dynamic,43,best,20,horizon_2,92,176,0.23884426241578616,0.2663354256959713,0.218180663873563,0.26162364493812557,1.0947086610488903,-0.09470866104889031,0.02066359854222316,0,1.0180097665062349,-0.01800976650623487,0.004711780757845729,0,1.1151007899546184
L4,L4,dynamic,43,best,20,horizon_3,84,84,0.23315936956732047,0.25883237015278565,0.20829024219087192,0.25765839782321737,1.1193965070800538,-0.11939650708005378,0.024869127376448558,0,1.0045563130854123,-0.004556313085412267,0.0011739723295682847,0,1.110109238299568
L4,L4,dynamic,43,best,20,horizon_all,102,538,0.23349619879588193,0.2452855595125774,0.21323125701081136,0.23306856679675336,1.0950373883695816,-0.09503738836958164,0.020264941785070573,0,1.0524180196571846,-0.05241801965718462,0.012216992715824049,0,1.0504905894720862
L4,L4,dynamic,43,last,70,horizon_1,102,278,0.4882997738477452,0.48830179263855894,0.5059621692239459,0.5059621692239459,0.9650914703696294,0.03490852963037061,-0.01766239537620068,0,0.9650954603731051,0.03490453962689488,-0.01766037658538694,0,1.0000041343267432
L4,L4,dynamic,43,last,70,horizon_2,92,176,0.4937188780826071,0.5360844962946747,0.5244034203174321,0.589498106147284,0.9414867618211737,0.058513238178826255,-0.03068454223482503,0,0.9093913800644778,0.09060861993552216,-0.053413609852609345,0,1.085809192422614
L4,L4,dynamic,43,last,70,horizon_3,84,84,0.4787782673679647,0.5232038767564864,0.5079267876488822,0.6131573697285992,0.9426127524877321,0.05738724751226787,-0.029148520280917523,0,0.8532946068773033,0.1467053931226967,-0.08995349297211286,0,1.0927895278805093
L4,L4,dynamic,43,last,70,horizon_all,102,538,0.49131153224437846,0.5101480825615474,0.5136479495787153,0.5476623141005927,0.9565141506888974,0.043485849311102553,-0.022336417334336833,0,0.9315011630832155,0.06849883691678449,-0.03751423153904532,0,1.0383393205348164
