experiment,profile,seed,status,best_epoch,best_autonomous_all_ratio,best_autonomous_all_skill,best_adjacent_tf_ratio,last_epoch,last_autonomous_all_ratio,last_autonomous_all_skill,last_adjacent_tf_ratio
A0,t0,17,no_existing_world_copy_report,,,,,,,,
A0,t0,43,no_existing_world_copy_report,,,,,,,,
A0,dynamic,17,no_existing_world_copy_report,,,,,,,,
A0,dynamic,43,no_existing_world_copy_report,,,,,,,,
A1,t0,17,evaluated,10,1.0895799150123684,-0.0895799150123684,1.1697438091136996,60,1.029377225495603,-0.029377225495603065,1.1089858036788385
A1,t0,43,evaluated,14,1.0003574081387452,-0.0003574081387451855,1.07685065223499,64,0.9467939655002937,0.05320603449970629,1.0130401090151069
A1,dynamic,17,no_existing_world_copy_report,,,,,,,,
A1,dynamic,43,no_existing_world_copy_report,,,,,,,,
A2,t0,17,no_existing_world_copy_report,,,,,,,,
A2,t0,43,no_existing_world_copy_report,,,,,,,,
A2,dynamic,17,evaluated,21,1.047374656095128,-0.04737465609512803,1.101000916045799,71,0.9082759449875261,0.09172405501247394,0.937946108088264
A2,dynamic,43,evaluated,20,1.0463367099292589,-0.04633670992925887,1.0888628165132734,70,0.9348436411798943,0.06515635882010573,0.9567281542477737
L1,t0,17,unavailable,12,,,,62,,,
L1,t0,43,unavailable,13,,,,63,,,
L1,dynamic,17,unavailable,26,,,,76,,,
L1,dynamic,43,unavailable,17,,,,67,,,
L2,t0,17,evaluated,11,1.0392344782142164,-0.03923447821421644,1.0578031964669186,61,1.0252548556628696,-0.025254855662869558,1.0829493661304956
L2,t0,43,evaluated,9,1.0357324971032886,-0.03573249710328863,1.0539351508928674,59,0.950451127629842,0.04954887237015804,1.0149952983313946
L2,dynamic,17,evaluated,37,0.9269339445361061,0.07306605546389389,0.9728481808292765,87,0.8828512794594109,0.11714872054058911,0.9257200584094043
L2,dynamic,43,evaluated,20,1.0109531784672166,-0.010953178467216551,1.045926079454974,70,0.9496443461994502,0.05035565380054985,0.9611539842745083
L3,t0,17,unavailable,12,,,,62,,,
L3,t0,43,unavailable,14,,,,64,,,
L3,dynamic,17,unavailable,22,,,,72,,,
L3,dynamic,43,unavailable,23,,,,73,,,
L4,t0,17,evaluated,10,1.0880567119653322,-0.08805671196533216,1.1687941861643465,60,1.0323736041964753,-0.03237360419647528,1.1131686050741982
L4,t0,43,evaluated,14,0.9986736584595822,0.0013263415404177747,1.0758804658717682,64,0.9467884530641817,0.05321154693581831,1.0126199436747214
L4,dynamic,17,evaluated,21,1.0540335785517985,-0.05403357855179847,1.1075594913495086,71,0.9082032285991289,0.09179677140087106,0.9368527732581774
L4,dynamic,43,evaluated,20,1.0524180196571846,-0.05241801965718462,1.0950987374404388,70,0.9315011630832155,0.06849883691678449,0.9563374565344445
