experiment,loss_label,profile,seed,checkpoint,epoch,transition,patients,prefix_pairs,teacher_forcing_l1,teacher_forcing_copy_l1,relative_to_copy,skill_vs_copy,near_zero_copy_patients
A1,L0,t0,17,best,10,T0_to_T1,100,100,0.1827381394430995,0.15236107425764203,1.1993754988501193,-0.1993754988501193,0
A1,L0,t0,17,best,10,T1_to_T2,92,92,0.1901228367553457,0.1677743764391736,1.1332054440641866,-0.13320544406418655,0
A1,L0,t0,17,best,10,T2_to_T3,86,86,0.18814811210126378,0.15710729369243912,1.1975771950447551,-0.19757719504475513,0
A1,L0,t0,17,best,10,all,102,278,0.18615597327014585,0.15914251635252846,1.1697438091136996,-0.16974380911369957,0
A1,L0,t0,17,last,60,T0_to_T1,100,100,0.35992054104804994,0.32280833333730696,1.114966696575221,-0.11496669657522096,0
A1,L0,t0,17,last,60,T1_to_T2,92,92,0.3613748938331138,0.3303557761094492,1.093896096169324,-0.09389609616932404,0
A1,L0,t0,17,last,60,T2_to_T3,86,86,0.35928824491972144,0.31711890305890594,1.132976437084176,-0.13297643708417595,0
A1,L0,t0,17,last,60,all,102,278,0.35963848921062513,0.3242949440990105,1.1089858036788385,-0.10898580367883848,0
A1,L0,t0,43,best,14,T0_to_T1,100,100,0.20857873775064945,0.18868466750718654,1.1054355423060815,-0.10543554230608154,0
A1,L0,t0,43,best,14,T1_to_T2,92,92,0.2182013813973121,0.2108307506929597,1.0349599414702388,-0.03495994147023884,0
A1,L0,t0,43,best,14,T2_to_T3,86,86,0.21179906391473705,0.19002897656241127,1.1145619354802756,-0.1145619354802756,0
A1,L0,t0,43,best,14,all,102,278,0.21148554694662294,0.19639264414957386,1.07685065223499,-0.0768506522349901,0
A1,L0,t0,43,last,64,T0_to_T1,100,100,0.37639522559940813,0.3663250273838639,1.027489790384952,-0.02748979038495203,0
A1,L0,t0,43,last,64,T1_to_T2,92,92,0.3738104621677295,0.3739606354021184,0.9995984250207849,0.00040157497921511354,0
A1,L0,t0,43,last,64,T2_to_T3,86,86,0.3734016923537088,0.3598597407514273,1.0376311936811948,-0.03763119368119483,0
A1,L0,t0,43,last,64,all,102,278,0.374688568823283,0.36986548260913477,1.0130401090151069,-0.013040109015106882,0
A2,L0,dynamic,17,best,21,T0_to_T1,100,100,0.210693943426013,0.19272459568455816,1.0932384767892633,-0.09323847678926334,0
A2,L0,dynamic,17,best,21,T1_to_T2,92,184,0.21418158037830953,0.19811229598101066,1.0811119992210838,-0.08111199922108381,0
A2,L0,dynamic,17,best,21,T2_to_T3,86,256,0.20409217810388222,0.17900381762852038,1.1401554492397852,-0.14015544923978518,0
A2,L0,dynamic,17,best,21,all,102,540,0.20863559096442916,0.18949629189568307,1.101000916045799,-0.10100091604579897,0
A2,L0,dynamic,17,last,71,T0_to_T1,100,100,0.46649518437683585,0.5034234936535359,0.9266456378332738,0.0733543621667262,0
A2,L0,dynamic,17,last,71,T1_to_T2,92,184,0.44882879232096934,0.4931045524856966,0.9102101979356364,0.0897898020643636,0
A2,L0,dynamic,17,last,71,T2_to_T3,86,256,0.4258397879988649,0.4278801970992439,0.9952313542103335,0.004768645789666515,0
A2,L0,dynamic,17,last,71,all,102,540,0.4520085909543862,0.4819131792930801,0.937946108088264,0.06205389191173605,0
A2,L0,dynamic,43,best,20,T0_to_T1,100,100,0.2440524945780635,0.2206997043080628,1.1058125127227347,-0.10581251272273473,0
A2,L0,dynamic,43,best,20,T1_to_T2,92,184,0.2533195212928821,0.23591615548154907,1.0737692837347637,-0.07376928373476366,0
A2,L0,dynamic,43,best,20,T2_to_T3,86,256,0.24701357552016426,0.22127367889638552,1.1163260662188015,-0.11632606621880148,0
A2,L0,dynamic,43,best,20,all,102,540,0.24718398676905173,0.22701113769370646,1.0888628165132734,-0.08886281651327343,0
A2,L0,dynamic,43,last,70,T0_to_T1,100,100,0.47966964304447174,0.49122320726513863,0.976480011429039,0.023519988570961048,0
A2,L0,dynamic,43,last,70,T1_to_T2,92,184,0.5097154630753009,0.540422653860372,0.9431793050018867,0.056820694998113264,0
A2,L0,dynamic,43,last,70,T2_to_T3,86,256,0.49833989876878354,0.5211155152078285,0.9562944956072519,0.04370550439274812,0
A2,L0,dynamic,43,last,70,all,102,540,0.5043807667649648,0.5271933981722672,0.9567281542477737,0.04327184575222631,0
L2,L2,t0,17,best,11,T0_to_T1,100,100,0.28144969619810584,0.2609773883968592,1.078444756946204,-0.0784447569462039,0
L2,L2,t0,17,best,11,T1_to_T2,92,92,0.28376716423941695,0.26955145261371916,1.0527383973926108,-0.05273839739261077,0
L2,L2,t0,17,best,11,T2_to_T3,86,86,0.30365466387119405,0.2908790082085964,1.0439208581646287,-0.04392085816462865,0
L2,L2,t0,17,best,11,all,102,278,0.29037187069508374,0.2745046258745776,1.0578031964669186,-0.05780319646691856,0
L2,L2,t0,17,last,61,T0_to_T1,100,100,0.4450571537017822,0.40956691578030585,1.0866530878204859,-0.08665308782048586,0
L2,L2,t0,17,last,61,T1_to_T2,92,92,0.4641023255560709,0.42272475507596263,1.097883007756839,-0.09788300775683889,0
L2,L2,t0,17,last,61,T2_to_T3,86,86,0.4671125183271807,0.4294202872660271,1.0877746864292956,-0.08777468642929565,0
L2,L2,t0,17,last,61,all,102,278,0.4630231354750839,0.4275575109568784,1.0829493661304956,-0.08294936613049564,0
L2,L2,t0,43,best,9,T0_to_T1,100,100,0.28257150933146474,0.25979047995060683,1.0876900084452255,-0.08769000844522545,0
L2,L2,t0,43,best,9,T1_to_T2,92,92,0.3112085468095282,0.29864026415769174,1.0420850238908173,-0.04208502389081725,0
L2,L2,t0,43,best,9,T2_to_T3,86,86,0.325972639067575,0.31428865996341027,1.0371759487139147,-0.03717594871391472,0
L2,L2,t0,43,best,9,all,102,278,0.3025712451221895,0.2870871560416775,1.0539351508928674,-0.05393515089286738,0
L2,L2,t0,43,last,59,T0_to_T1,100,100,0.37856854289770125,0.3691093915794045,1.0256269591998768,-0.025626959199876786,0
L2,L2,t0,43,last,59,T1_to_T2,92,92,0.38322056643664837,0.3789671234705526,1.0112237782716955,-0.011223778271695517,0
L2,L2,t0,43,last,59,T2_to_T3,86,86,0.3880469647431096,0.3831683117463145,1.012732402046924,-0.01273240204692394,0
L2,L2,t0,43,last,59,all,102,278,0.39151601371617095,0.38573184955615575,1.0149952983313946,-0.014995298331394569,0
L2,L2,dynamic,17,best,37,T0_to_T1,100,100,0.37854015100747346,0.38961799880489706,0.971567412615938,0.028432587384061958,0
L2,L2,dynamic,17,best,37,T1_to_T2,92,184,0.39957020941959775,0.41293264523593953,0.967640156402004,0.03235984359799604,0
L2,L2,dynamic,17,best,37,T2_to_T3,86,256,0.3701047358471294,0.37385560061002887,0.9899670761738513,0.010032923826148732,0
L2,L2,dynamic,17,best,37,all,102,540,0.394034870912388,0.4050322328572422,0.9728481808292765,0.027151819170723512,0
L2,L2,dynamic,17,last,87,T0_to_T1,100,100,0.5302575960010291,0.5783778495527804,0.9168013547044387,0.08319864529556131,0
L2,L2,dynamic,17,last,87,T1_to_T2,92,184,0.49255574041086697,0.5373504288170649,0.9166378474754177,0.08336215252458234,0
L2,L2,dynamic,17,last,87,T2_to_T3,86,256,0.46767431073064025,0.48374493529861284,0.9667787228448143,0.03322127715518575,0
L2,L2,dynamic,17,last,87,all,102,540,0.5076382937871553,0.5483712804704614,0.9257200584094043,0.0742799415905957,0
L2,L2,dynamic,43,best,20,T0_to_T1,100,100,0.37117902405560016,0.3484252619743347,1.0653045704904758,-0.06530457049047578,0
L2,L2,dynamic,43,best,20,T1_to_T2,92,184,0.39895428186687437,0.3901446618180236,1.0225803936616717,-0.02258039366167175,0
L2,L2,dynamic,43,best,20,T2_to_T3,86,256,0.3826952813149885,0.36065180829271326,1.0611212047615306,-0.0611212047615306,0
L2,L2,dynamic,43,best,20,all,102,540,0.3865156451520188,0.36954394076628233,1.045926079454974,-0.04592607945497407,0
L2,L2,dynamic,43,last,70,T0_to_T1,100,100,0.49361526921391485,0.49873904287815096,0.9897265438962477,0.010273456103752299,0
L2,L2,dynamic,43,last,70,T1_to_T2,92,184,0.5401471087952023,0.5653990960639456,0.9553377650503225,0.04466223494967747,0
L2,L2,dynamic,43,last,70,T2_to_T3,86,256,0.5291986625439438,0.5531806368236395,0.956647119072352,0.043352880927647997,0
L2,L2,dynamic,43,last,70,all,102,540,0.5285021610119764,0.5498621133125686,0.9611539842745083,0.038846015725491734,0
L4,L4,t0,17,best,10,T0_to_T1,100,100,0.17974225744605066,0.14996329049579799,1.1985750436110034,-0.19857504361100342,0
L4,L4,t0,17,best,10,T1_to_T2,92,92,0.18733621068784725,0.16558305413016808,1.1313730844738412,-0.13137308447384122,0
L4,L4,t0,17,best,10,T2_to_T3,86,86,0.1853754015336203,0.15482345547223852,1.1973340923582478,-0.19733409235824784,0
L4,L4,t0,17,best,10,all,102,278,0.1832803467751231,0.1568114805367039,1.1687941861643465,-0.1687941861643465,0
L4,L4,t0,17,last,60,T0_to_T1,100,100,0.35447606511414054,0.31656435776501896,1.1197598732111935,-0.11975987321119352,0
L4,L4,t0,17,last,60,T1_to_T2,92,92,0.35828185769850796,0.32574320526834094,1.099890502407755,-0.09989050240775499,0
L4,L4,t0,17,last,60,T2_to_T3,86,86,0.3553675446052884,0.31309934588539046,1.1349993197857724,-0.1349993197857724,0
L4,L4,t0,17,last,60,all,102,278,0.3540498333210065,0.3180558917194824,1.1131686050741982,-0.11316860507419824,0
L4,L4,t0,43,best,14,T0_to_T1,100,100,0.20678139586001634,0.1872606197465211,1.1042438935635206,-0.1042438935635206,0
L4,L4,t0,43,best,14,T1_to_T2,92,92,0.21660657316122367,0.20955960885824068,1.0336274931098484,-0.03362749310984836,0
L4,L4,t0,43,best,14,T2_to_T3,86,86,0.21018905677767688,0.1886794896211562,1.114000558299734,-0.1140005582997341,0
L4,L4,t0,43,best,14,all,102,278,0.2098437289896062,0.19504372060475444,1.0758804658717682,-0.07588046587176822,0
L4,L4,t0,43,last,64,T0_to_T1,100,100,0.37321435555815696,0.36354628797620536,1.0265937733425141,-0.026593773342514115,0
L4,L4,t0,43,last,64,T1_to_T2,92,92,0.37181914038956165,0.37192383793223166,0.9997184973588892,0.00028150264111082013,0
L4,L4,t0,43,last,64,T2_to_T3,86,86,0.37187279180385346,0.35852661936782126,1.0372250530785276,-0.03722505307852764,0
L4,L4,t0,43,last,64,all,102,278,0.37226980181983094,0.3676303277900017,1.0126199436747214,-0.012619943674721412,0
L4,L4,dynamic,17,best,21,T0_to_T1,100,100,0.19914839766919612,0.1813951935246587,1.0978703117738569,-0.09787031177385686,0
L4,L4,dynamic,17,best,21,T1_to_T2,92,184,0.20246408246052655,0.18611444118837622,1.0878472469291192,-0.08784724692911916,0
L4,L4,dynamic,17,best,21,T2_to_T3,86,256,0.1917366024482158,0.16705684680058513,1.1477326797451814,-0.14773267974518145,0
L4,L4,dynamic,17,best,21,all,102,540,0.19679626620380705,0.17768460090935626,1.1075594913495086,-0.1075594913495086,0
L4,L4,dynamic,17,last,71,T0_to_T1,100,100,0.45903766483068464,0.49413891913369296,0.9289648053536309,0.0710351946463691,0
L4,L4,dynamic,17,last,71,T1_to_T2,92,184,0.43581046285512653,0.47803876039815013,0.9116634443871195,0.08833655561288045,0
L4,L4,dynamic,17,last,71,T2_to_T3,86,256,0.41298150418456203,0.4138136037675909,0.9979891922946637,0.0020108077053363482,0
L4,L4,dynamic,17,last,71,all,102,540,0.43901390891546516,0.4686050161208008,0.9368527732581774,0.0631472267418226,0
L4,L4,dynamic,43,best,20,T0_to_T1,100,100,0.23129423938691615,0.20783611677587033,1.1128683646276116,-0.11286836462761163,0
L4,L4,dynamic,43,best,20,T1_to_T2,92,184,0.23950381123501321,0.22186594579935723,1.079497848901997,-0.07949784890199707,0
L4,L4,dynamic,43,best,20,T2_to_T3,86,256,0.23258686774634116,0.20709169107352118,1.1231105726195878,-0.1231105726195878,0
L4,L4,dynamic,43,best,20,all,102,540,0.23350928033537724,0.21323125701081136,1.0950987374404388,-0.09509873744043884,0
L4,L4,dynamic,43,last,70,T0_to_T1,100,100,0.4677752813696861,0.47606569543480876,0.9825855671924634,0.01741443280753663,0
L4,L4,dynamic,43,last,70,T1_to_T2,92,184,0.4962159580672565,0.5273284199445144,0.9409998386194858,0.05900016138051423,0
L4,L4,dynamic,43,last,70,T2_to_T3,86,256,0.4835449581922486,0.5079710669526758,0.951914370031034,0.04808562996896604,0
L4,L4,dynamic,43,last,70,all,102,540,0.49122077365424116,0.5136479495787153,0.9563374565344445,0.04366254346555554,0
